{"_timestamp": 1700022229.2244854, "res": 128, "_step": 4, "_runtime": 163.92687058448792, "graph_0": {"_type": "graph-file", "path": "media/graph/graph_0_summary_8d21352c.graph.json", "sha256": "8d21352c65b80c733d6bbc6d843f40873ac9553f1bf6b30a285af12d8d41fff2", "size": 5904}, "time/total": 93.69637608528137, "evaluation/target_1.0_return_std": 0.27363421835776003, "time/evaluation": 4.651355266571045, "training/train_loss_mean": 1.4327585101127625, "time/training": 16.912725925445557, "evaluation/target_0.9_return_mean": -5.247114455746181, "evaluation/target_1.0_length_mean": 44.5, "evaluation/target_0.9_length_mean": 76.5, "training/train_loss_std": 0.3430466055870056, "evaluation/target_1.0_length_std": 19.5, "training/action_error": 1.775805115699768, "evaluation/target_0.9_return_std": 3.9355429964534823, "evaluation/target_1.0_return_mean": -0.27363421835776003, "evaluation/target_0.9_length_std": 34.5}
